category,title,name,size_chart,size_fit,size_fit,material_care,specification,price,product_links
,,,,,,,,,https://www.myntra.com/sweaters/hk-colours-of-fashion/hk-colours-of-fashion-women-red--black-checked-sweater/10838320/buy
Home/Clothing/Women Clothing/Kurta Sets/RAISIN Kurta Sets>More By RAISIN,RAISIN,Women Green Embroidered Kurta with Trousers,"S, M, L, XL, XXL","The model (height 5'8"") is wearing a size S","The model (height 5'8"") is wearing a size S","Top fabric: Cotton Blend
Bottom fabric: Cotton Blend
Dry-clean","Sleeve Length: Three-Quarter Sleeves, Top Shape: Straight, Top Type: Kurta, Bottom Type: Trousers, Top Pattern: Embroidered, Top Design Styling: Regular, Top Hemline: Straight, Top Length: Knee Length",Rs. 2029,https://www.myntra.com/kurta-sets/raisin/raisin-women-green-embroidered-kurta-with-trousers/11048442/buy
Home/Clothing/Women Clothing/Kurta Sets/Jaipur Kurti Kurta Sets>More By Jaipur Kurti,Jaipur Kurti,Women Magenta Kurta with Trousers & Dupatta,,"The model (height 5'8"") is wearing a size S","The model (height 5'8"") is wearing a size S","Kurta fabric: silk blend
Bottom fabric: silk blend
Dupatta fabric: silk blend
Hand-wash","Sleeve Length: Three-Quarter Sleeves, Top Shape: Straight, Top Type: Kurta, Bottom Type: Trousers, Dupatta: With Dupatta, Top Pattern: Solid, Top Design Styling: Panelled, Top Hemline: Straight",Rs. 3799,https://www.myntra.com/kurta-sets/jaipur-kurti/jaipur-kurti-women-magenta-kurta-with-trousers--dupatta/7547358/buy
Home/Clothing/Boys Clothing/Kurta Sets/Kidling Kurta Sets>More By Kidling,Kidling,Boys Maroon Solid Kurta with Pyjamas,,"Top fabric: Raw Silk
Bottom fabric: Raw Silk
Machine-wash","Top fabric: Raw Silk
Bottom fabric: Raw Silk
Machine-wash",,"Sleeve Length: Long Sleeves, Top Shape: Straight, Top Type: Kurta, Bottom Type: Pyjamas, Top Pattern: Solid, Top Design Styling: Regular, Top Hemline: Straight, Top Length: Above Knee",Rs. 1199,https://www.myntra.com/kurta-sets/kidling/kidling-boys-maroon-solid-kurta-with-pyjamas/8791755/buy
Home/Personal Care/Women Personal Care/Perfume And Body Mist/Dolce & Gabbana Perfume And Body Mist>More By Dolce & Gabbana,Dolce & Gabbana,Women Light Blue Sun Pour Femme Eau de Toilette 100 ml,"50ML
Rs. 3360, 100ML
Rs. 4445",100 ml,100 ml,,"Fragrance: Fruity, Strength: Medium, Type: Perfume",Rs. 4445,https://www.myntra.com/perfume-and-body-mist/dolce--gabbana/dolce--gabbana-women-light-blue-sun-pour-femme-eau-de-toilette-100-ml/9834943/buy
Home/Clothing/Men Clothing/Sweaters/Jack & Jones Sweaters>More By Jack & Jones,Jack & Jones,Men Charcoal Grey Solid Cardigan,,The model (height 6') is wearing a size M,The model (height 6') is wearing a size M,"100% Merino wool
Hand-wash","Fabric: Wool, Pattern: Solid, Sleeve Length: Long Sleeves, Neck: V-Neck, Occasion: Casual, Type: Cardigan, Print or Pattern Type: Solid, Wash Care: Hand Wash",Rs. 3499,https://www.myntra.com/sweaters/jack--jones/jack--jones-men-charcoal-grey-solid-cardigan/7545468/buy
Home/Clothing/Women Clothing/Kurta Sets/Indo Era Kurta Sets>More By Indo Era,Indo Era,Women Mustard Yellow & Green Printed Kurta with Palazzos,"XS, S, M, L, XL, XXL","The model (height 5'8"") is wearing a size S","The model (height 5'8"") is wearing a size S","Top fabric: Pure Cotton
Bottom fabric: Pure Cotton
Hand-wash","Sleeve Length: Three-Quarter Sleeves, Top Shape: A-Line, Top Type: Kurta, Bottom Type: Palazzos, Top Pattern: Printed, Top Design Styling: Panelled, Top Hemline: High-Low, Top Length: Calf Length",Rs. 999,https://www.myntra.com/kurta-sets/indo-era/indo-era-women-mustard-yellow--green-printed-kurta-with-palazzos/9436659/buy
Home/Accessories/Women Accessories/Scarves/FabSeasons Scarves>More By FabSeasons,FabSeasons,Women Off-White & Blue Printed Scarf,Onesize,"Length: 1.8 m
Width: 0.8 m","Length: 1.8 m
Width: 0.8 m","Viscose Rayon
Hand-wash","Fabric: Viscose Rayon, Pattern: Printed, Border: Frayed, Wash Care: Hand Wash",Rs. 704,https://www.myntra.com/scarves/fabseasons/fabseasons-women-off-white--blue-printed-scarf/6611192/buy
Home/Clothing/Women Clothing/Kurta Sets/RANGMAYEE Kurta Sets>More By RANGMAYEE,RANGMAYEE,Women Green & Beige Printed Layered A-Line Kurta with Churidar & Dupatta,"S, M, L, XL, XXL","The model (height 5'8"") is wearing a size S","The model (height 5'8"") is wearing a size S","Kurta fabric: pure cotton
Bottom fabric: 95% cotton, 5% elastane
Dupatta fabric: art silk
Machine-wash","Sleeve Length: Three-Quarter Sleeves, Top Shape: A-Line, Top Type: Kurta, Bottom Type: Churidar, Dupatta: With Dupatta, Top Pattern: Printed, Top Design Styling: Layered, Top Hemline: Flared",Rs. 1393,https://www.myntra.com/kurta-sets/rangmayee/rangmayee-women-green--beige-printed-layered-a-line-kurta-with-churidar--dupatta/11106588/buy
Home/Accessories/Unisex Accessories/Rucksacks/Wildcraft Rucksacks>More By Wildcraft,Wildcraft,Unisex Teal Blue Printed Trailblazer 55 Pro Rucksack,,"Height: 66 cm
Width: 33 cm
Depth: 24 cm
Volume: 52 litres","Height: 66 cm
Width: 33 cm
Depth: 24 cm
Volume: 52 litres","Nylon
Wipe with a clean cotton cloth when needed","Size: Medium, Number of Main Compartments: 1, Compartment Closure: Drawstring, Tablet Sleeve: No, Material: Nylon, Print or Pattern Type: Brand Logo, Haul Loop Type: Web, Shoulder Strap Type: Sternum",Rs. 5799,https://www.myntra.com/rucksacks/wildcraft/wildcraft-unisex-teal-blue-printed-trailblazer-55-pro-rucksack/9792363/buy
Home/Clothing/Women Clothing/Sweaters/Cottonworld Sweaters>More By Cottonworld,Cottonworld,Women Beige Self Design Pullover Sweater,,"The model (height 5'8"") is wearing a size S","The model (height 5'8"") is wearing a size S","Material: Cotton
Machine Wash","Fabric: Cotton, Pattern: Self Design, Sleeve Length: Short Sleeves, Neck: Round Neck, Occasion: Casual, Type: Pullover, Print or Pattern Type: Cable Knit, Wash Care: Machine Wash",Rs. 1890,https://www.myntra.com/sweaters/cottonworld/cottonworld-women-beige-self-design-pullover-sweater/11106168/buy
Home/Clothing/Boys Clothing/Track Pants/YK Marvel Track Pants>More By YK Marvel,YK Marvel,Boys Blue Melange Captain America Printed Joggers,,"86% Cotton 14% Polyester
Machine Wash","86% Cotton 14% Polyester
Machine Wash",,"Fabric: Cotton, Fit: Straight Fit, Fabric 2: Polyester, Occasion: Casual, Type: Joggers, Wash Care: Machine Wash, Length: Regular, Number of Pockets: 2",Rs. 1099,https://www.myntra.com/track-pants/yk-marvel/-yk-marvel-boys-blue-melange-captain-america-printed-joggers/8376281/buy
Home/Clothing/Women Clothing/Kurta Sets/Jaipur Kurti Kurta Sets>More By Jaipur Kurti,Jaipur Kurti,Women Maroon & Coral Pink Zari Detail Kurta with Trousers & Dupatta,"S, M, L, XL, XXL","The model (height 5'8"") is wearing a size S","The model (height 5'8"") is wearing a size S","Kurta fabric: viscose rayon
Bottom fabric: viscose rayon
Dupatta fabric: silk blend
Dry-clean","Sleeve Length: Three-Quarter Sleeves, Top Shape: A-Line, Top Type: Kurta, Bottom Type: Trousers, Dupatta: With Dupatta, Top Pattern: Solid, Top Design Styling: Panelled, Top Hemline: Flared",Rs. 1988,https://www.myntra.com/kurta-sets/jaipur-kurti/jaipur-kurti-women-maroon--coral-pink-zari-detail-kurta-with-trousers--dupatta/10717954/buy
Home/Clothing/Boys Clothing/Track Pants/SWEET ANGEL Track Pants>More By SWEET ANGEL,SWEET ANGEL,Boys Yellow Printed Straight-Fit Track Pants,"5-6Y, 7-8Y, 8-9Y, 10-11Y, 11-12Y, 13-14Y","100% cotton
Hand-wash","100% cotton
Hand-wash",,"Fabric: Cotton, Fit: Straight Fit, Occasion: Sports, Type: Regular, Wash Care: Hand Wash, Length: Regular",Rs. 584,https://www.myntra.com/track-pants/sweet-angel/sweet-angel-boys-yellow-printed-straight-fit-track-pants/11512152/buy
Home/Personal Care/Unisex Personal Care/Perfume And Body Mist/KAMA AYURVEDA Perfume And Body Mist>More By KAMA AYURVEDA,KAMA AYURVEDA,Sustainable Unisex Pure Mogra Water Face Body Mist 200 ml,,200 ml,200 ml,,"Fragrance: Floral, Strength: Mild, Sustainable: Sustainable, Type: Body Mist",Rs. 1050,https://www.myntra.com/perfume-and-body-mist/kama-ayurveda/kama-ayurveda-unisex-pure-mogra-water-face--body-mist-200-ml/6745585/buy
Home/Clothing/Women Clothing/Shrug/Skidlers Shrug>More By Skidlers,Skidlers,Women Black Cold shoulder Solid Button Shrug,"S, M, L, XL",The model (height 5'8'') is wearing a size S,The model (height 5'8'') is wearing a size S,"Material: Polycotton
Hand Wash","Fabric: Polycotton, Pattern: Solid, Sleeve Length: Three-Quarter Sleeves, Occasion: Casual, Length: Longline, Main Trend: New Basics, Wash Care: Hand Wash, Hemline: Straight",Rs. 459,https://www.myntra.com/shrug/skidlers/skidlers-women-black-cold-shoulder-solid-button-shrug/10941962/buy
Home/Clothing/Men Clothing/Sweaters/H&M Sweaters>More By H&M,H&M,Men Blue Solid Shawl Collar Cardigan,,The model (height 6') is wearing a size M,The model (height 6') is wearing a size M,"100% Cotton
Machine Wash","Fabric: Cotton, Pattern: Solid, Sleeve Length: Long Sleeves, Neck: Shawl Collar, Occasion: Casual, Closure: Button, Type: Cardigan, Print or Pattern Type: Solid",Rs. 2699,https://www.myntra.com/sweaters/hm/hm-men-blue-solid-shawl-collar-cardigan/11082576/buy
Home/Clothing/Girls Clothing/Sweaters/U.S. Polo Assn. Kids Sweaters>More By U.S. Polo Assn. Kids,U.S. Polo Assn. Kids,Girls White & Blue Striped Cardigan,"2-3Y
Rs. 1189, 3-4Y
Rs. 1189, 4-5Y, 6-7Y, 8-9Y, 9-10Y
Rs. 679, 10-11Y, 11-12Y, 13-14Y","Cotton
Hand-wash","Cotton
Hand-wash",,"Fabric: Cotton, Pattern: Striped, Sleeve Length: Long Sleeves, Neck: Round Neck, Occasion: Casual, Closure: Button, Type: Cardigan, Print or Pattern Type: Striped",Rs. 1189,https://www.myntra.com/sweaters/us-polo-assn-kids/us-polo-assn-kids-girls-white--blue-striped-cardigan/7326700/buy
Home/Clothing/Women Clothing/Sweaters/Levis Sweaters>More By Levis,Levis,Women Grey Melange Self Design Pullover,,"The model (height 5'8"") is wearing a size S","The model (height 5'8"") is wearing a size S","Frint: 56% cotton, 385 viscose, 3% metallic fiber, 3% polyester
Back/Sleeves: 58% cotton, 42% viscose
Machine-wash","Fabric: Cotton, Pattern: Self Design, Sleeve Length: Long Sleeves, Neck: Round Neck, Occasion: Casual, Type: Pullover, Print or Pattern Type: Geometric, Wash Care: Machine Wash",Rs. 2799,https://www.myntra.com/sweaters/levis/levis-women-grey-melange-self-design-pullover/2191021/buy
Home/Home Furnishing/Unisex Home Furnishing/Key Holders/ECraftIndia Key Holders>More By ECraftIndia,eCraftIndia,Multicoloured Lord Ganesha Theme Wooden Key Holder,Onesize,"Wood
Wipe with a clean and dry cloth when needed","Wood
Wipe with a clean and dry cloth when needed",,"Material: Wood, Number of Hooks: 4 to 6",Rs. 399,https://www.myntra.com/key-holders/ecraftindia/ecraftindia-multicoloured-lord-ganesha-theme-wooden-key-holder/9961551/buy
Home/Home Furnishing/Unisex Home Furnishing/Lamps Lanterns And Lamp Shades/Aesthetic Home Solutions Lamps Lanterns And Lamp Shades>More By Aesthetic Home Solutions,Aesthetic Home Solutions,Transparent & Yellow Colourblocked Wall or Ceiling String Lights,Onesize,"Dimensions:
Length: 3 meter
Height: 3 cm
Width: 3 cm","Dimensions:
Length: 3 meter
Height: 3 cm
Width: 3 cm","Material:Plastic
Care:Wipe with a clean, wet cloth when needed","Type: String Lights, Utility: Wall, Shape: Circular",Rs. 768,https://www.myntra.com/lamps-lanterns-and-lamp-shades/aesthetic-home-solutions/aesthetic-home-solutions-transparent--yellow-colourblocked-wall-or-ceiling-string-lights/11281738/buy
Home/Accessories/Men Accessories/Sunglasses/Polaroid Sunglasses>More By Polaroid,Polaroid,Men Wayfarer Sunglasses PLD 1016/S MY7 50JB,,Lens width: 50 mm,Lens width: 50 mm,"Plastic
Remove dust and grime by gently wiping the lens with a cloth","Type: Wayfarer Sunglasses, Lens Colour: Grey, Feature: Polarised Lens, Style: Full Rim, Face Shape: Oval, Case: Soft Pouch, Warranty: 1 year",Rs. 3600,https://www.myntra.com/sunglasses/polaroid/polaroid-men-wayfarer-sunglasses-pld-1016s-my7-50jb/2045639/buy
Home/Clothing/Women Clothing/Shrug/Chemistry Shrug>More By Chemistry,Chemistry,Peach-Coloured Printed Longline Tie-Up Shrug,,The model (height 5'8'') is wearing a size S,The model (height 5'8'') is wearing a size S,"Polyester
Machine-wash","Fabric: Polyester, Pattern: Printed, Sleeve Length: Long Sleeves, Occasion: Casual, Length: Longline, Main Trend: Floral Print, Wash Care: Machine Wash, Hemline: Straight",Rs. 1499,https://www.myntra.com/shrug/chemistry/chemistry-peach-coloured-printed-longline-tie-up-shrug/2426129/buy
Home/Clothing/Women Clothing/Kurta Sets/IMARA Kurta Sets>More By IMARA,IMARA,Women Peach-Coloured & White Yoke Design Kurta with Trousers & Dupatta,,"The model (height 5'8"") is wearing a size S","The model (height 5'8"") is wearing a size S","Kurta fabric: 80% viscose, 20% polyester
Bottom fabric: 80% viscose, 20% polyester
Dupatta fabric: poly chiffon
Dry-clean","Sleeve Length: Three-Quarter Sleeves, Top Shape: Straight, Top Type: Kurta, Bottom Type: Trousers, Dupatta: With Dupatta, Top Pattern: Yoke Design, Top Design Styling: Regular, Top Hemline: Straight",Rs. 3999,https://www.myntra.com/kurta-sets/imara/imara-women-peach-coloured--white-yoke-design-kurta-with-trousers--dupatta/10306583/buy
Home/Personal Care/Women Personal Care/Shampoo And Conditioner/TRESemme Shampoo And Conditioner>More By TRESemme,TRESemme,Women Keratin Smooth Shampoo 1l,,1 litre,1 litre,,"Concern: Daily Use, Hair Type: Regular, Type: Shampoo",Rs. 800,https://www.myntra.com/shampoo-and-conditioner/tresemme/tresemme-women-keratin-smooth-shampoo-1l/8667337/buy
Home/Clothing/Women Clothing/Kurta Sets/Taavi Kurta Sets>More By Taavi,Taavi,Women Green and Cream-Colored Shibori Hand Tie & Dye Technique Straight Sustainable Kurta Set,"XS, S, M, L, XL","The model (height 5'8"") is wearing a size XS","The model (height 5'8"") is wearing a size XS","100% cotton
Hand-wash cold, Wash dark colours separately","Sleeve Length: Short Sleeves, Top Shape: Straight, Top Type: Kurta, Bottom Type: Trousers, Top Pattern: Dyed, Top Design Styling: Regular, Top Hemline: Straight, Top Length: Calf Length",Rs. 2694,https://www.myntra.com/kurta-sets/taavi/taavi-women-green-and-cream-colored-shibori-hand-tie--dye-technique-straight-kurta-set/9642289/buy
Home/Clothing/Women Clothing/Kurta Sets/Anouk Kurta Sets>More By Anouk,Anouk,Women Maroon & Beige Printed Kurta with Churidar & Dupatta,"XS, S, M, L, XL, XXL","The model (height 5'8"") is wearing a size S","The model (height 5'8"") is wearing a size S","Kurta fabric: polyester
Bottom fabric: poly chiffon
Dupatta fabric: poly crepe
Machine-wash","Sleeve Length: Three-Quarter Sleeves, Top Shape: Straight, Top Type: Kurta, Bottom Type: Churidar, Dupatta: With Dupatta, Top Pattern: Printed, Top Design Styling: Regular, Top Hemline: Straight",Rs. 2239,https://www.myntra.com/kurta-sets/anouk/anouk-women-maroon--beige-printed-kurta-with-churidar--dupatta/2473994/buy
Home/Home Furnishing/Unisex Home Furnishing/Lamps Lanterns And Lamp Shades/VarEesha Lamps Lanterns And Lamp Shades>More By VarEesha,VarEesha,Red Printed Terracotta Tea Light Diya Lantern Set With Hanging Option,,"Dimensions: 
Lantern 1 :10.16 cm x 10.16 cm x 10.16 cm
Lantern 2 : 12.7 cm x 12.7 cm x 15.24 cm","Dimensions: 
Lantern 1 :10.16 cm x 10.16 cm x 10.16 cm
Lantern 2 : 12.7 cm x 12.7 cm x 15.24 cm","Material - Terracotta
Care - Wipe gently without scrubbing","Type: Lantern, Utility: Ceiling, Shape: Cylinder",Rs. 1429,https://www.myntra.com/lamps-lanterns-and-lamp-shades/vareesha/vareesha-red-printed-hanging-ceiling-lantern/6960982/buy
Home/Clothing/Unisex Kids Clothing/Sweaters/CHUTPUT Sweaters>More By CHUTPUT,CHUTPUT,Kids Pack of 2 Self-Design Cardigan,"0-3M, 3-6M, 6-12M, 1-2Y, 2-3Y","Wool blend
Hand-wash","Wool blend
Hand-wash",,"Fabric: Wool, Pattern: Self Design, Sleeve Length: Sleeveless, Neck: Round Neck, Occasion: Casual, Closure: Button, Type: Cardigan, Print or Pattern Type: Cable Knit",Rs. 1250,https://www.myntra.com/sweaters/chutput/chutput-kids-pack-of-2-self-design-cardigan/10178339/buy
Home/Clothing/Men Clothing/Sweaters/Roadster Sweaters>More By Roadster,Roadster,Men Blue Patterned Sweater,,The model (height 6') is wearing a size M,The model (height 6') is wearing a size M,"Cotton
Machine-wash","Fabric: Cotton, Pattern: Self Design, Sleeve Length: Long Sleeves, Neck: Round Neck, Occasion: Casual, Type: Pullover, Wash Care: Machine Wash, Hemline: Ribbed",Rs. 1499,https://www.myntra.com/sweaters/roadster/roadster-men-blue-patterned-sweater/1317670/buy
Home/Clothing/Women Clothing/Tights/Nike Tights>More By Nike,Nike,Women Black Solid YOGA WRAP 7/8 Training Tights,,The model (height 5'8) is wearing a size S,The model (height 5'8) is wearing a size S,"83% polyester, 17% elastane
Machine Wash","Fabric: Polyester, Fabric 2: Elastane, Transparency: Opaque, Pattern: Solid, Wash Care: Machine Wash",Rs. 2995,https://www.myntra.com/tights/nike/nike-women-black-solid-yoga-wrap-78-training-tights/11127396/buy
Home/Clothing/Women Clothing/Kurta Sets/Inddus Kurta Sets>More By Inddus,Inddus,Pink & White Silk Blend Embroidered Kurta Sharara Dupatta Set,"S, M, L, XL, XXL","The model (height 5'8"") is wearing a size S","The model (height 5'8"") is wearing a size S","Kurta fabric: silk blend
Bottom fabric: silk blend
Dupatta fabric: net
Dry-clean","Sleeve Length: Three-Quarter Sleeves, Top Shape: Straight, Top Type: Kurta, Bottom Type: Sharara, Dupatta: With Dupatta, Top Pattern: Embroidered, Top Design Styling: Regular, Top Hemline: Straight",Rs. 3104,https://www.myntra.com/kurta-sets/inddus/inddus-pink--white-silk-blend-embroidered-kurta-sharara-dupatta-set/11434638/buy
Home/Clothing/Men Clothing/Track Pants/Tinted Track Pants>More By Tinted,Tinted,Men Black Solid Slim Fit Joggers,"M, L, XL, XXL","Slim Fit
The model (height 6') is wearing a size M","Slim Fit
The model (height 6') is wearing a size M","Cotton
Machine wash","Fabric: Cotton, Fit: Slim Fit, Occasion: Casual, Type: Regular, Wash Care: Machine Wash, Length: Regular, Number of Pockets: 3",Rs. 932,https://www.myntra.com/track-pants/tinted/tinted-men-black-solid-slim-fit-joggers/7742079/buy
Home/Home Furnishing/Unisex Home Furnishing/Photo Frames/RANDOM Photo Frames>More By RANDOM,RANDOM,Set of 3 Gold & Brown Table Top Photo Frames,Onesize,"Two piece-10.16 cm x 15.24cm
One piece- 15.24cm x 20.32cm","Two piece-10.16 cm x 15.24cm
One piece- 15.24cm x 20.32cm","Acrylic
Clean it with soft cotton cloth or soft brush","Frame Material: Acrylic, Number of Photos: 2 to 4",Rs. 550,https://www.myntra.com/photo-frames/random/random-set-of-3-gold--brown-table-top-photo-frames/11035158/buy
Home/Clothing/Boys Clothing/Sweaters/Tommy Hilfiger Sweaters>More By Tommy Hilfiger,Tommy Hilfiger,Boys White Solid Sweater,,"Cotton
Dry-clean","Cotton
Dry-clean",,"Fabric: Cotton, Pattern: Solid, Sleeve Length: Long Sleeves, Neck: Mock Collar, Occasion: Casual, Closure: Zip, Type: Front-Open, Print or Pattern Type: Solid",Rs. 3699,https://www.myntra.com/sweaters/tommy-hilfiger/tommy-hilfiger-boys-white-solid-sweater/10288527/buy
Home/Accessories/Unisex Accessories/Sunglasses/Carrera Sunglasses>More By Carrera,Carrera,Unisex Square Sunglasses 133/S TI7 579O,,Lens width: 5.5 cm,Lens width: 5.5 cm,"Plastic and Metal
Remove dust and grime by gently wiping the lens with a cloth","Type: Square Sunglasses, Lens Colour: Grey, Feature: UV Protected Lens, Style: Full Rim, Frame Colour: Black, Face Shape: Oval, Case: Hard Case, Warranty: 1 year",Rs. 8300,https://www.myntra.com/sunglasses/carrera/carrera-unisex-square-sunglasses-133s-ti7-579o/2045862/buy
Home/Personal Care/Men Personal Care/Perfume And Body Mist/Coach Perfume And Body Mist>More By Coach,Coach,COACH Men New York Platinum Eau de Parfum 60 ml,"60ML
Rs. 4027, 100ML
Rs. 5400",60 ml,60 ml,,"Fragrance: Woody, Strength: Mild, Type: Perfume",Rs. 4027,https://www.myntra.com/perfume-and-body-mist/coach/coach-men-new-york-platinum-eau-de-parfum-60-ml/8975417/buy
Home/Clothing/Women Clothing/Tunics/Fabindia Tunics>More By Fabindia,Fabindia,Off-White & Black Printed Tunic,,The model (height 5'8'') is wearing a size S,The model (height 5'8'') is wearing a size S,"Cotton
Machine-wash","Fabric: Cotton, Pattern: Printed, Neck: Round Neck, Sleeve Length: Sleeveless, Occasion: Ethnic, Main Trend: Geometric Print, Wash Care: Machine Wash",Rs. 1490,https://www.myntra.com/tunics/fabindia/fabindia-off-white--black-printed-tunic/4268652/buy
Home/Clothing/Men Clothing/Track Pants/HRX By Hrithik Roshan Track Pants>More By HRX By Hrithik Roshan,HRX by Hrithik Roshan,Men Charcoal Grey Straight Fit Joggers,"XS, S, M, L, XL, XXL","Straight fit
The model (height 6') is wearing a size M","Straight fit
The model (height 6') is wearing a size M","95% polyester, 5% elastane
Machine-wash","Fabric: Polyester, Fit: Straight Fit, Fabric 2: Elastane, Occasion: Casual, Type: Joggers, Wash Care: Machine Wash, Length: Regular",Rs. 989,https://www.myntra.com/track-pants/hrx-by-hrithik-roshan/hrx-by-hrithik-roshan-men-charcoal-grey-straight-fit-joggers/2262586/buy
Home/Home Furnishing/Unisex Home Furnishing/Lamps Lanterns And Lamp Shades/Homesake Lamps Lanterns And Lamp Shades>More By Homesake,Homesake,Black Solid Handcrafted Wall Lamp,,Dimensions:19cm x 60cm x 28cm,Dimensions:19cm x 60cm x 28cm,"Metal
Wipe with a clean, dry cloth to remove dust","Material: Metal, Type: Lamp, Utility: Wall, Add-Ons: Bulb, Bulb Holder Type: E27, Shape: Frustum",Rs. 3750,https://www.myntra.com/lamps-lanterns-and-lamp-shades/homesake/homesake-black-solid-handcrafted-wall-lamp/10621610/buy
Home/Clothing/Men Clothing/Boxers/Joven Boxers>More By Joven,Joven,Mens Blue Printed Boxer Shorts JB1K-BU01,"M, L, XL","Pure Cotton
Machine Wash","Pure Cotton
Machine Wash",,"Fabric: Pure Cotton, Pattern: Printed, Waistband: Inner Elastic, Wash Care: Machine Wash, Knit or Woven: Knitted",Rs. 281,https://www.myntra.com/boxers/joven/joven-mens-blue-printed-boxer-shorts-jb1k-bu01/10297365/buy
Home/Clothing/Boys Clothing/Sweaters/Next Sweaters>More By Next,next,Boys Grey Striped Sweater,,"100% Cotton
Machine-wash","100% Cotton
Machine-wash",,"Fabric: Cotton, Pattern: Striped, Sleeve Length: Long Sleeves, Neck: Mock Collar, Occasion: Casual, Closure: Zip, Type: Pullover, Print or Pattern Type: Striped",Rs. 2500,https://www.myntra.com/sweaters/next/next-boys-grey-striped-sweater/10917248/buy
Home/Clothing/Women Clothing/Sweaters/Roadster Sweaters>More By Roadster,Roadster,Women Pink Self Design Sweater,,"The model (height 5'8"") is wearing a size S","The model (height 5'8"") is wearing a size S","Acrylic
Machine-wash","Fabric: Acrylic, Pattern: Self Design, Sleeve Length: Long Sleeves, Neck: Round Neck, Occasion: Casual, Type: Pullover, Print or Pattern Type: Cable Knit, Wash Care: Machine Wash",Rs. 1699,https://www.myntra.com/sweaters/roadster/roadster-women-pink-self-design-sweater/9478825/buy
Home/Clothing/Men Clothing/Kurta Sets/DEYANN Kurta Sets>More By DEYANN,DEYANN,Men Brown & Black Printed Dupion Silk Kurta with Patiala,"S, M, L, XL, XXL, 3XL",The model (height 6') is wearing a size M,The model (height 6') is wearing a size M,"Top fabric: Dupion Silk
Bottom fabric: Dupion Silk
Dry-clean","Sleeve Length: Long Sleeves, Top Shape: Straight, Top Type: Kurta, Bottom Type: Patiala, Top Pattern: Printed, Top Design Styling: Regular, Top Hemline: Straight, Top Length: Knee Length",Rs. 2495,https://www.myntra.com/kurta-sets/deyann/deyann-men-brown--black-printed-dupion-silk-kurta-with-patiala/10590140/buy
Home/Home Furnishing/Unisex Home Furnishing/Lamps Lanterns And Lamp Shades/VarEesha Lamps Lanterns And Lamp Shades>More By VarEesha,VarEesha,Green Printed Terracotta Slim Tea Light Diya Lantern With Hanging Option,,"Dimensions: 
Lantern 1 :8.89 cm x 8.89 cm x 20.32 cm","Dimensions: 
Lantern 1 :8.89 cm x 8.89 cm x 20.32 cm",Material - Terracotta ; Care - Wipe gently without scrubbing,"Type: Lantern, Utility: Ceiling, Shape: Cylinder",Rs. 749,https://www.myntra.com/lamps-lanterns-and-lamp-shades/vareesha/vareesha-green-printed-hanging-ceiling-lantern/6960985/buy
Home/Footwear/Men Footwear/Formal Shoes/Franco Leone Formal Shoes>More By Franco Leone,Franco Leone,Men Coffee Brown Textured Leather Derbys,"6
Rs. 2401, 7
Rs. 1293, 8
Rs. 1293, 9, 10
Rs. 1293","Leather
Use a branded leather conditioner to clean the product
Avoid washing","Leather
Use a branded leather conditioner to clean the product
Avoid washing",,"Type: Derbys, Fastening: Lace-Ups, Toe Shape: Square Toe, Pattern: Textured, Ankle Height: Regular, Sole Material: PU, Warranty: 3 months",Rs. 1293,https://www.myntra.com/formal-shoes/franco-leone/franco-leone-men-coffee-brown-textured-leather-derbys/2002249/buy
Home/Clothing/Girls Clothing/Track Pants/Cherokee Track Pants>More By Cherokee,Cherokee,Girls Blue Solid Regular-Fit Trackpant,,"Cotton blend
Machine wash","Cotton blend
Machine wash",,"Fabric: Cotton, Fit: Straight Fit, Occasion: Casual, Type: Regular, Wash Care: Machine Wash, Length: Regular",Rs. 499,https://www.myntra.com/track-pants/cherokee/cherokee-girls-blue-solid-regular-fit-trackpant/8935891/buy
Home/Accessories/Men Accessories/Sunglasses/Fastrack Sunglasses>More By Fastrack,Fastrack,Men Square Sunglasses NBC087BK3,M,"Plastic and metal
Remove dust and grime by gently wiping the lens with a cloth","Plastic and metal
Remove dust and grime by gently wiping the lens with a cloth",,"Type: Square Sunglasses, Lens Colour: Purple, Feature: UV Protected Lens, Style: Full Rim, Frame Colour: Green, Face Shape: Oval, Case: Soft Pouch, Warranty: 1 year",Rs. 1839,https://www.myntra.com/sunglasses/fastrack/fastrack-men-square-sunglasses-nbc087bk3/6538807/buy
Home/Personal Care/Women Personal Care/Perfume And Body Mist/GUESS Perfume And Body Mist>More By GUESS,GUESS,Women 1981 Indigo Eau de Toilette 100 ml,100ML,100 ml,100 ml,,"Fragrance: Woody, Strength: Mild, Type: Perfume",Rs. 2394,https://www.myntra.com/perfume-and-body-mist/guess/guess-women-1981-indigo-eau-de-toilette-100-ml/10266601/buy
Home/Home Furnishing/Unisex Kids Home Furnishing/Bath Rugs/Saral Home Bath Rugs>More By Saral Home,Saral Home,Kids Red & Yellow Printed Microfibre Anti-Skid Bath Rug,Onesize,"Dimension:
Length: 70 cm
Width: 55 cm","Dimension:
Length: 70 cm
Width: 55 cm","Microfibre
No bleach normal water wash.
Don't rub at the time of wash.","Set Size: 1, Material: Microfibre",Rs. 649,https://www.myntra.com/bath-rugs/saral-home/saral-home-kids-red--yellow-printed-microfibre-anti-skid-bath-rug/9961181/buy
Home/Home Furnishing/Unisex Home Furnishing/Lamps Lanterns And Lamp Shades/Grated Ginger Lamps Lanterns And Lamp Shades>More By Grated Ginger,Grated Ginger,Red Solid Handcrafted Table Top Lamp Shade,Onesize,Dimensions:38.1cmx38.1cmx27.9cm(HeightxWidthxDepth),Dimensions:38.1cmx38.1cmx27.9cm(HeightxWidthxDepth),"Fabric
Wipe with a clean, dry cloth to remove dust","Material: Fabric, Type: Lamp Shade, Utility: Table, Add-Ons: Adjustable Cord, Bulb Holder Type: E27, Shape: Geometric, Shade Material: Fabric, Switch Mechanism: Toggle Button",Rs. 1700,https://www.myntra.com/lamps-lanterns-and-lamp-shades/grated-ginger/grated-ginger-red-solid-handcrafted-table-top-lamp-shade/11537094/buy
Home/Clothing/Women Clothing/Kurta Sets/Varanga Kurta Sets>More By Varanga,Varanga,Women Off-White & Rust Orange Printed Kurta with Trousers,,"The model (height 5'8"") is wearing a size S","The model (height 5'8"") is wearing a size S","Top fabric: Pure cotton
Bottom fabric: Viscose rayon
Hand-wash","Sleeve Length: Three-Quarter Sleeves, Top Shape: Straight, Top Type: Kurta, Bottom Type: Trousers, Top Pattern: Printed, Top Design Styling: Regular, Top Hemline: Straight, Top Length: Calf Length",Rs. 3399,https://www.myntra.com/kurta-sets/varanga/varanga-women-off-white--rust-orange-printed-kurta-with-trousers/10666618/buy
Home/Footwear/Men Footwear/Formal Shoes/FAUSTO Formal Shoes>More By FAUSTO,FAUSTO,Fausto Men Black Formal Leather Slip-Ons,"6, 7, 8, 9, 10","Leather
Use Shoes bags to prevent any stains or mildew
Dust any dry dirt from the surface using a clean cloth; do not use polish or shiner","Leather
Use Shoes bags to prevent any stains or mildew
Dust any dry dirt from the surface using a clean cloth; do not use polish or shiner",,"Type: Slip-On Shoes, Fastening: Slip-On, Toe Shape: Pointed Toe, Pattern: Solid, Ankle Height: Regular, Sole Material: TPR",Rs. 1234,https://www.myntra.com/formal-shoes/fausto/fausto-men-black-formal-leather-slip-ons/9476025/buy
Home/Clothing/Women Clothing/Tunics/Libas Tunics>More By Libas,Libas,Women Black Solid High-Low Tunic,"XS
Rs. 479, S, M
Rs. 479, L
Rs. 1599, XL, XXL",The model (height 5'8'') is wearing a size S,The model (height 5'8'') is wearing a size S,"Poly Georgette 
Hand-wash","Fabric: Polyester, Pattern: Solid, Neck: Mandarin Collar, Sleeve Length: Three-Quarter Sleeves, Occasion: Casual, Main Trend: New Basics, Wash Care: Hand Wash, Closure: Hook and Eye",Rs. 479,https://www.myntra.com/tunics/libas/libas-women-black-solid-high-low-tunic/7320156/buy
Home/Clothing/Women Clothing/Kurta Sets/Sangria Kurta Sets>More By Sangria,Sangria,Women Blue Solid Kurta with Trousers,,"The model (height 5'8"") is wearing a size S","The model (height 5'8"") is wearing a size S","Top fabric: Pure Cotton
Bottom fabric: Pure Cotton
Hand-wash","Sleeve Length: Three-Quarter Sleeves, Top Shape: Straight, Top Type: Kurta, Bottom Type: Trousers, Top Pattern: Solid, Top Design Styling: Regular, Top Hemline: Straight, Top Length: Calf Length",Rs. 1499,https://www.myntra.com/kurta-sets/sangria/sangria-women-blue-solid-kurta-with-trousers/3326094/buy
Home/Clothing/Women Clothing/Tights/Reebok Tights>More By Reebok,Reebok,Women Grey Printed Studio Combat Lux Bold Tights,"XS, S, M, L, XL",The model (height 5'8'') is wearing a size S,The model (height 5'8'') is wearing a size S,"83% polyester and 17% elastane
Machine-wash","Fabric: Polyester, Fabric 2: Elastane, Transparency: Opaque, Pattern: Printed, Wash Care: Machine Wash",Rs. 2199,https://www.myntra.com/tights/reebok/reebok-women-grey-printed-studio-combat-lux-bold-tights/8973585/buy
Home/Clothing/Unisex Kids Clothing/Sweaters/H&M Sweaters>More By H&M,H&M,Kids Beige Solid Wool-Blend Cardigan,,"50% Polyester, 50% Wool
Hand Wash","50% Polyester, 50% Wool
Hand Wash",,"Fabric: Polyester, Pattern: Solid, Sleeve Length: Long Sleeves, Neck: Hood, Occasion: Casual, Closure: Button, Type: Cardigan, Print or Pattern Type: Solid",Rs. 3499,https://www.myntra.com/sweaters/hm/hm-kids-beige-solid-wool-blend-cardigan/10945716/buy
Home/Clothing/Men Clothing/Track Pants/Soul Space Track Pants>More By Soul Space,Soul Space,Men Black Solid Straight-Fit Yoga Joggers,,"Relaxed-Fit
The model (height 6') is wearing a size M","Relaxed-Fit
The model (height 6') is wearing a size M","95% Organic Cotton, 5% Spandex
Preshrunk and Bio-washed
Machine-Wash","Fabric: Cotton, Fit: Straight Fit, Fabric 2: Elastane, Occasion: Sports, Type: Joggers, Wash Care: Machine Wash, Length: Regular, Number of Pockets: 2",Rs. 2499,https://www.myntra.com/track-pants/soul-space/soul-space-men-black-solid-straight-fit-yoga-joggers/10976296/buy
Home/Clothing/Men Clothing/Track Pants/ADIDAS Track Pants>More By ADIDAS,ADIDAS,Men Blue WO PA Climacool WV Solid Training Joggers,,"Mid-rise
The model (height 6') is wearing a size M","Mid-rise
The model (height 6') is wearing a size M","100% polyester
Machine-wash cold","Fabric: Polyester, Fit: Straight Fit, Occasion: Sports, Type: Joggers, Wash Care: Machine Wash, Length: Regular",Rs. 2999,https://www.myntra.com/track-pants/adidas/adidas-men-blue-wo-pa-climacool-wv-solid-training-joggers/3888782/buy
Home/Clothing/Women Clothing/Palazzos/Melange By Lifestyle Palazzos>More By Melange By Lifestyle,Melange by Lifestyle,Women Off-White Wide Leg Solid Palazzos,,"The model (height 5'8"") is wearing a size 28","The model (height 5'8"") is wearing a size 28","100% Viscose
Machine-wash","Occasion: Western, Fit: Wide Leg, Length: Regular, Pattern: Solid, Print or Pattern Type: Solid, Transparency: Opaque, Closure: Slip-On, Waistband: Partially Elasticated",Rs. 799,https://www.myntra.com/palazzos/melange-by-lifestyle/melange-by-lifestyle-women-off-white-wide-leg-solid-palazzos/9197855/buy
Home/Clothing/Men Clothing/Sweaters/COBB Sweaters>More By COBB,COBB,Men Navy Blue Self Design Pullover Sweater,,The model (height 6') is wearing a size M,The model (height 6') is wearing a size M,"Material: Acrylic
Machine Wash","Fabric: Acrylic, Pattern: Self Design, Sleeve Length: Long Sleeves, Neck: V-Neck, Occasion: Casual, Type: Pullover, Print or Pattern Type: Geometric, Wash Care: Machine Wash",Rs. 2499,https://www.myntra.com/sweaters/cobb/cobb-men-navy-blue-self-design-pullover-sweater/11354282/buy
Home/Clothing/Boys Clothing/Sweaters/Pantaloons Junior Sweaters>More By Pantaloons Junior,Pantaloons Junior,Boys Navy Blue Self Design Pullover,,"100% Cotton
Machine Wash","100% Cotton
Machine Wash",,"Fabric: Cotton, Pattern: Self Design, Sleeve Length: Long Sleeves, Neck: Round Neck, Occasion: Casual, Type: Pullover, Print or Pattern Type: Solid, Surface Styling: Applique",Rs. 799,https://www.myntra.com/sweaters/pantaloons-junior/pantaloons-junior-boys-navy-blue-self-design-pullover-/11389264/buy
Home/Clothing/Women Clothing/Kurta Sets/Yufta Kurta Sets>More By Yufta,Yufta,Women Mint Green & Pink Embroidered Kurta with Sharara,"S, M, L, XL, XXL","The model (height 5'8"") is wearing a size S","The model (height 5'8"") is wearing a size S","Top fabric: Polyester
Bottom fabric: Viscose Rayon
Dry-clean","Sleeve Length: Three-Quarter Sleeves, Top Shape: Straight, Top Type: Kurta, Bottom Type: Sharara, Top Pattern: Embroidered, Top Design Styling: Regular, Top Hemline: Straight, Top Length: Knee Length",Rs. 1379,https://www.myntra.com/kurta-sets/yufta/yufta-women-mint-green--pink-embroidered-kurta-with-sharara/10883636/buy
Home/Clothing/Men Clothing/Kurta Sets/DEYANN Kurta Sets>More By DEYANN,DEYANN,Men Black & Cream Solid Kurta with Pyjamas & Printed Nehru Jacket,"S, M, L, XL, XXL, 3XL",The model (height 6') is wearing a size M,The model (height 6') is wearing a size M,"Nehru jacket: 40% linen, 60% cotton
Kurta and pyjamas: dupion silk
Dry-clean","Sleeve Length: Long Sleeves, Top Shape: Straight, Top Type: Kurta, Bottom Type: Pyjamas, Top Pattern: Printed, Top Design Styling: Regular, Top Hemline: Straight, Top Length: Knee Length",Rs. 2995,https://www.myntra.com/kurta-sets/deyann/deyann-men-black--cream-solid-kurta-with-pyjamas--printed-nehru-jacket/5965158/buy
Home/Clothing/Girls Clothing/Kurta Sets/Biba Kurta Sets>More By Biba,Biba,Girls Blue & Pink Embroidered Layered Kurta with Churidar & Dupatta,,"Kurta fabric: Cotton blend
Bottom fabric: Cotton blend
Dupatta fabric: Net
Dry-clean","Kurta fabric: Cotton blend
Bottom fabric: Cotton blend
Dupatta fabric: Net
Dry-clean",,"Sleeve Length: Short Sleeves, Top Shape: A-Line, Top Type: Kurta, Bottom Type: Churidar, Dupatta: With Dupatta, Top Pattern: Embroidered, Top Design Styling: Layered, Top Hemline: Flared",Rs. 3299,https://www.myntra.com/kurta-sets/biba/biba-girls-blue--pink-embroidered-layered-kurta-with-churidar--dupatta/6835029/buy
Home/Clothing/Girls Clothing/Kurta Sets/Tiber Taber Kurta Sets>More By Tiber Taber,Tiber Taber,Girls Red Embroidered Kurta with Dhoti Pants,"0-3M, 3-6M, 6-12M, 1-2Y, 2-3Y, 3-4Y, 4-5Y, 5-6Y, 6-7Y","Top fabric: Pure Cotton
Bottom fabric: Pure Cotton
Hand-wash","Top fabric: Pure Cotton
Bottom fabric: Pure Cotton
Hand-wash",,"Sleeve Length: Long Sleeves, Top Shape: Straight, Top Type: Kurta, Bottom Type: Dhoti Pants, Top Pattern: Embroidered, Top Design Styling: Regular, Top Hemline: Curved, Top Length: Above Knee",Rs. 2990,https://www.myntra.com/kurta-sets/tiber-taber/tiber-taber-girls-red-embroidered-kurta-with-dhoti-pants/11280822/buy
Home/Clothing/Boys Clothing/Kurta Sets/JBN Creation Kurta Sets>More By JBN Creation,JBN Creation,Boys Purple & White Solid Kurta with Churidar,"6-12M, 12-18M, 18-24M, 2-3Y, 3-4Y, 4-5Y, 5-6Y, 6-7Y, 7-8Y, 9-10Y, 11-12Y, 13-14Y","Top fabric: Pure cotton
Bottom fabric: Pure cotton
Dry-clean","Top fabric: Pure cotton
Bottom fabric: Pure cotton
Dry-clean",,"Sleeve Length: Long Sleeves, Top Shape: Straight, Top Type: Kurta, Bottom Type: Churidar, Top Pattern: Solid, Top Design Styling: Regular, Top Hemline: Straight, Top Length: Knee Length",Rs. 899,https://www.myntra.com/kurta-sets/jbn-creation/jbn-creation-boys-purple--white-solid-kurta-with-churidar/9764791/buy
